{"cameraMode":{"drawMode":0,"name":"Shaded","section":"Shading Mode"},"sceneLighting":false,"audioPlay":false,"sceneViewState":{"m_AlwaysRefresh":false,"showFog":true,"showSkybox":false,"showFlares":true,"showImageEffects":true,"showParticleSystems":true,"showVisualEffectGraphs":true,"m_FxEnabled":true},"in2DMode":false,"pivot":{"x":0.13173121213912965,"y":-0.21919631958007813,"z":0.09803909063339234},"rotation":{"x":-0.2260800004005432,"y":-0.15413737297058106,"z":0.03623112291097641,"w":-0.9612202644348145},"size":0.6073950529098511,"orthographic":false}