{"cameraMode":{"drawMode":0,"name":"Shaded","section":"Shading Mode"},"sceneLighting":false,"audioPlay":false,"sceneViewState":{"m_AlwaysRefresh":false,"showFog":true,"showSkybox":false,"showFlares":true,"showImageEffects":true,"showParticleSystems":true,"showVisualEffectGraphs":true,"m_FxEnabled":true},"in2DMode":false,"pivot":{"x":-2.1432549953460695,"y":-0.21413284540176392,"z":-0.34694159030914309},"rotation":{"x":-0.08006580173969269,"y":0.5838890075683594,"z":-0.057961758226156238,"w":-0.8058760166168213},"size":2.200000047683716,"orthographic":false}