{"cameraMode":{"drawMode":0,"name":"Shaded","section":"Shading Mode"},"sceneLighting":false,"audioPlay":false,"sceneViewState":{"m_AlwaysRefresh":false,"showFog":true,"showSkybox":false,"showFlares":true,"showImageEffects":true,"showParticleSystems":true,"showVisualEffectGraphs":true,"m_FxEnabled":true},"in2DMode":false,"pivot":{"x":154.35157775878907,"y":369.62896728515627,"z":25.578277587890626},"rotation":{"x":-0.17028124630451203,"y":0.0481809601187706,"z":-0.008322409354150296,"w":-0.9842470288276672},"size":250.85891723632813,"orthographic":false}