{"cameraMode":{"drawMode":0,"name":"Shaded","section":"Shading Mode"},"sceneLighting":false,"audioPlay":false,"sceneViewState":{"m_AlwaysRefresh":false,"showFog":true,"showSkybox":false,"showFlares":true,"showImageEffects":true,"showParticleSystems":true,"showVisualEffectGraphs":true,"m_FxEnabled":true},"in2DMode":false,"pivot":{"x":111.08966064453125,"y":1202.51416015625,"z":-4.93634033203125},"rotation":{"x":0.00031014299020171165,"y":0.027561206370592119,"z":0.00006418082193704322,"w":0.9998261332511902},"size":222.18287658691407,"orthographic":false}