{"cameraMode":{"drawMode":0,"name":"Shaded","section":"Shading Mode"},"sceneLighting":false,"audioPlay":false,"sceneViewState":{"m_AlwaysRefresh":false,"showFog":true,"showSkybox":false,"showFlares":true,"showImageEffects":true,"showParticleSystems":true,"showVisualEffectGraphs":true,"m_FxEnabled":true},"in2DMode":false,"pivot":{"x":99.6413345336914,"y":1107.6597900390625,"z":-4.363311767578125},"rotation":{"x":0.00031014299020171165,"y":0.027561206370592119,"z":0.00006418082193704322,"w":0.9998261332511902},"size":407.2021179199219,"orthographic":false}