{"cameraMode":{"drawMode":0,"name":"Shaded","section":"Shading Mode"},"sceneLighting":false,"audioPlay":false,"sceneViewState":{"m_AlwaysRefresh":false,"showFog":true,"showSkybox":false,"showFlares":true,"showImageEffects":true,"showParticleSystems":true,"showVisualEffectGraphs":true,"m_FxEnabled":true},"in2DMode":false,"pivot":{"x":-1.1854746341705323,"y":0.2812771797180176,"z":3.999326229095459},"rotation":{"x":0.10811411589384079,"y":-0.009874854236841202,"z":0.0011303030187264085,"w":0.9943048357963562},"size":1.845790147781372,"orthographic":false}