{"cameraMode":{"drawMode":0,"name":"Shaded","section":"Shading Mode"},"sceneLighting":false,"audioPlay":false,"sceneViewState":{"m_AlwaysRefresh":false,"showFog":true,"showSkybox":false,"showFlares":true,"showImageEffects":true,"showParticleSystems":true,"showVisualEffectGraphs":true,"m_FxEnabled":true},"in2DMode":false,"pivot":{"x":-4.128930568695068,"y":1.2281131744384766,"z":1.5026435852050782},"rotation":{"x":-0.07847552746534348,"y":-0.9161592721939087,"z":0.22166185081005097,"w":-0.3253025710582733},"size":0.48816347122192385,"orthographic":false}