{"cameraMode":{"drawMode":0,"name":"Shaded","section":"Shading Mode"},"sceneLighting":false,"audioPlay":false,"sceneViewState":{"m_AlwaysRefresh":false,"showFog":true,"showSkybox":false,"showFlares":true,"showImageEffects":true,"showParticleSystems":true,"showVisualEffectGraphs":true,"m_FxEnabled":true},"in2DMode":false,"pivot":{"x":-0.000007033348083496094,"y":-0.3861389458179474,"z":-0.0000011101365089416504},"rotation":{"x":-0.40275338292121889,"y":-0.06171347200870514,"z":0.027221905067563058,"w":-0.9128897786140442},"size":0.0870572179555893,"orthographic":false}