{"cameraMode":{"drawMode":0,"name":"Shaded","section":"Shading Mode"},"sceneLighting":false,"audioPlay":false,"sceneViewState":{"m_AlwaysRefresh":false,"showFog":true,"showSkybox":false,"showFlares":true,"showImageEffects":true,"showParticleSystems":true,"showVisualEffectGraphs":true,"m_FxEnabled":true},"in2DMode":false,"pivot":{"x":774.6514892578125,"y":416.68231201171877,"z":-168.23663330078126},"rotation":{"x":-0.1645302027463913,"y":0.018653320148587228,"z":-0.003112128237262368,"w":-0.9862010478973389},"size":961.5833740234375,"orthographic":false}