{"cameraMode":{"drawMode":0,"name":"Shaded","section":"Shading Mode"},"sceneLighting":false,"audioPlay":false,"sceneViewState":{"m_AlwaysRefresh":false,"showFog":true,"showSkybox":false,"showFlares":true,"showImageEffects":true,"showParticleSystems":true,"showVisualEffectGraphs":true,"m_FxEnabled":true},"in2DMode":false,"pivot":{"x":-0.000049754977226257324,"y":-0.37904906272888186,"z":-0.02982109785079956},"rotation":{"x":-0.2326882779598236,"y":-0.16822615265846253,"z":0.040924061089754108,"w":-0.9570849537849426},"size":1.5690937042236329,"orthographic":false}