{"cameraMode":{"drawMode":0,"name":"Shaded","section":"Shading Mode"},"sceneLighting":false,"audioPlay":false,"sceneViewState":{"m_AlwaysRefresh":false,"showFog":true,"showSkybox":false,"showFlares":true,"showImageEffects":true,"showParticleSystems":true,"showVisualEffectGraphs":true,"m_FxEnabled":true},"in2DMode":false,"pivot":{"x":2.434410572052002,"y":0.5888351798057556,"z":1.4544005393981934},"rotation":{"x":0.02882412262260914,"y":0.42255523800849917,"z":-0.013443885371088982,"w":0.9057878851890564},"size":3.7915163040161135,"orthographic":false}