{"cameraMode":{"drawMode":0,"name":"Shaded","section":"Shading Mode"},"sceneLighting":false,"audioPlay":false,"sceneViewState":{"m_AlwaysRefresh":false,"showFog":true,"showSkybox":false,"showFlares":true,"showImageEffects":true,"showParticleSystems":true,"showVisualEffectGraphs":true,"m_FxEnabled":true},"in2DMode":false,"pivot":{"x":-10.979179382324219,"y":1.3105626106262208,"z":-3.170764923095703},"rotation":{"x":-0.20878033339977265,"y":0.007073042914271355,"z":-0.0014815861359238625,"w":-0.9780427813529968},"size":1.3496489524841309,"orthographic":false}